INSERT INTO JUGADORES (IDJUGADOR,NOMBRE, APELLIDO, CAMISOLA, FK_SELECCION, FK_PUESTO, FK_CLUB) VALUES(184,'Hugo','Lloris',1,19,1,1);
INSERT INTO JUGADORES (IDJUGADOR,NOMBRE, APELLIDO, CAMISOLA, FK_SELECCION, FK_PUESTO, FK_CLUB) VALUES(185,'Mathieu','Debuchy',2,19,2,7);
INSERT INTO JUGADORES (IDJUGADOR,NOMBRE, APELLIDO, CAMISOLA, FK_SELECCION, FK_PUESTO, FK_CLUB) VALUES(186,'Patrice','Evra',3,19,2,6);
INSERT INTO JUGADORES (IDJUGADOR,NOMBRE, APELLIDO, CAMISOLA, FK_SELECCION, FK_PUESTO, FK_CLUB) VALUES(187,'Raphaël','Varane',4,19,2,9);
INSERT INTO JUGADORES (IDJUGADOR,NOMBRE, APELLIDO, CAMISOLA, FK_SELECCION, FK_PUESTO, FK_CLUB) VALUES(188,'Mamadou','Sakho',5,19,2,6);
INSERT INTO JUGADORES (IDJUGADOR,NOMBRE, APELLIDO, CAMISOLA, FK_SELECCION, FK_PUESTO, FK_CLUB) VALUES(189,'Yohan','Cabaye',6,19,3,14);
INSERT INTO JUGADORES (IDJUGADOR,NOMBRE, APELLIDO, CAMISOLA, FK_SELECCION, FK_PUESTO, FK_CLUB) VALUES(190,'Rémy ','Cabella',7,19,4,8);
INSERT INTO JUGADORES (IDJUGADOR,NOMBRE, APELLIDO, CAMISOLA, FK_SELECCION, FK_PUESTO, FK_CLUB) VALUES(191,'Mathieu','Valbuena',8,19,3,6);
INSERT INTO JUGADORES (IDJUGADOR,NOMBRE, APELLIDO, CAMISOLA, FK_SELECCION, FK_PUESTO, FK_CLUB) VALUES(192,'Oliver','Giroud',9,19,4,8);
INSERT INTO JUGADORES (IDJUGADOR,NOMBRE, APELLIDO, CAMISOLA, FK_SELECCION, FK_PUESTO, FK_CLUB) VALUES(193,'Karim','Benzema',10,19,4,11);
INSERT INTO JUGADORES (IDJUGADOR,NOMBRE, APELLIDO, CAMISOLA, FK_SELECCION, FK_PUESTO, FK_CLUB) VALUES(194,'Antonie','Griezmann',11,19,4,1);
INSERT INTO JUGADORES (IDJUGADOR,NOMBRE, APELLIDO, CAMISOLA, FK_SELECCION, FK_PUESTO, FK_CLUB) VALUES(195,'Rio','Mavuba',12,19,3,7);
INSERT INTO JUGADORES (IDJUGADOR,NOMBRE, APELLIDO, CAMISOLA, FK_SELECCION, FK_PUESTO, FK_CLUB) VALUES(196,'Eliaquim','Mangala',13,19,2,8);
INSERT INTO JUGADORES (IDJUGADOR,NOMBRE, APELLIDO, CAMISOLA, FK_SELECCION, FK_PUESTO, FK_CLUB) VALUES(197,'Blaise','Matuidi',14,19,3,15);
INSERT INTO JUGADORES (IDJUGADOR,NOMBRE, APELLIDO, CAMISOLA, FK_SELECCION, FK_PUESTO, FK_CLUB) VALUES(198,'Bacary','Sagna',15,19,2,9);
INSERT INTO JUGADORES (IDJUGADOR,NOMBRE, APELLIDO, CAMISOLA, FK_SELECCION, FK_PUESTO, FK_CLUB) VALUES(199,'Stéphane','Ruffier',16,19,1,14);
INSERT INTO JUGADORES (IDJUGADOR,NOMBRE, APELLIDO, CAMISOLA, FK_SELECCION, FK_PUESTO, FK_CLUB) VALUES(200,'Lucas','Digne',17,19,2,13);
INSERT INTO JUGADORES (IDJUGADOR,NOMBRE, APELLIDO, CAMISOLA, FK_SELECCION, FK_PUESTO, FK_CLUB) VALUES(201,'Moussa','Sissoko',18,19,3,4);
INSERT INTO JUGADORES (IDJUGADOR,NOMBRE, APELLIDO, CAMISOLA, FK_SELECCION, FK_PUESTO, FK_CLUB) VALUES(202,'Paul','Pogba',19,19,3,5);
INSERT INTO JUGADORES (IDJUGADOR,NOMBRE, APELLIDO, CAMISOLA, FK_SELECCION, FK_PUESTO, FK_CLUB) VALUES(203,'Loïc ','Remy',20,19,4,14);
INSERT INTO JUGADORES (IDJUGADOR,NOMBRE, APELLIDO, CAMISOLA, FK_SELECCION, FK_PUESTO, FK_CLUB) VALUES(204,'Laurent','Koscielny',21,19,2,8);
INSERT INTO JUGADORES (IDJUGADOR,NOMBRE, APELLIDO, CAMISOLA, FK_SELECCION, FK_PUESTO, FK_CLUB) VALUES(205,'Morgan','Schneiderlin',22,19,3,2);
INSERT INTO JUGADORES (IDJUGADOR,NOMBRE, APELLIDO, CAMISOLA, FK_SELECCION, FK_PUESTO, FK_CLUB) VALUES(206,'Mickael','Landreu',23,19,1,7);
INSERT INTO JUGADORES (IDJUGADOR,NOMBRE, APELLIDO, CAMISOLA, FK_SELECCION, FK_PUESTO, FK_CLUB) VALUES(207,'Diego','Benaglio',1,17,1,13);
INSERT INTO JUGADORES (IDJUGADOR,NOMBRE, APELLIDO, CAMISOLA, FK_SELECCION, FK_PUESTO, FK_CLUB) VALUES(208,'Stephan','Lichtsteiner',2,17,2,8);
INSERT INTO JUGADORES (IDJUGADOR,NOMBRE, APELLIDO, CAMISOLA, FK_SELECCION, FK_PUESTO, FK_CLUB) VALUES(209,'Reto','Ziegler',3,17,2,7);
INSERT INTO JUGADORES (IDJUGADOR,NOMBRE, APELLIDO, CAMISOLA, FK_SELECCION, FK_PUESTO, FK_CLUB) VALUES(210,'Philippe','Senderos',4,17,2,12);
INSERT INTO JUGADORES (IDJUGADOR,NOMBRE, APELLIDO, CAMISOLA, FK_SELECCION, FK_PUESTO, FK_CLUB) VALUES(211,'Steve','Von Bergen',5,17,2,9);
INSERT INTO JUGADORES (IDJUGADOR,NOMBRE, APELLIDO, CAMISOLA, FK_SELECCION, FK_PUESTO, FK_CLUB) VALUES(212,'Michael','Lang',6,17,2,7);
INSERT INTO JUGADORES (IDJUGADOR,NOMBRE, APELLIDO, CAMISOLA, FK_SELECCION, FK_PUESTO, FK_CLUB) VALUES(213,'Tranquillo','Barnetta',7,17,3,10);
INSERT INTO JUGADORES (IDJUGADOR,NOMBRE, APELLIDO, CAMISOLA, FK_SELECCION, FK_PUESTO, FK_CLUB) VALUES(214,'Gokhan','Inler',8,17,3,4);
INSERT INTO JUGADORES (IDJUGADOR,NOMBRE, APELLIDO, CAMISOLA, FK_SELECCION, FK_PUESTO, FK_CLUB) VALUES(215,'Haris','Seferovic',9,17,4,8);
INSERT INTO JUGADORES (IDJUGADOR,NOMBRE, APELLIDO, CAMISOLA, FK_SELECCION, FK_PUESTO, FK_CLUB) VALUES(216,'Granit','Xhaka',10,17,3,10);
INSERT INTO JUGADORES (IDJUGADOR,NOMBRE, APELLIDO, CAMISOLA, FK_SELECCION, FK_PUESTO, FK_CLUB) VALUES(217,'Valon','Behrami',11,17,3,3);
INSERT INTO JUGADORES (IDJUGADOR,NOMBRE, APELLIDO, CAMISOLA, FK_SELECCION, FK_PUESTO, FK_CLUB) VALUES(218,'Yann','Sommer',12,17,1,6);
INSERT INTO JUGADORES (IDJUGADOR,NOMBRE, APELLIDO, CAMISOLA, FK_SELECCION, FK_PUESTO, FK_CLUB) VALUES(219,'Ricardo','Rodriguez',13,17,2,13);
INSERT INTO JUGADORES (IDJUGADOR,NOMBRE, APELLIDO, CAMISOLA, FK_SELECCION, FK_PUESTO, FK_CLUB) VALUES(220,'Valentin','Stocker',14,17,3,15);
INSERT INTO JUGADORES (IDJUGADOR,NOMBRE, APELLIDO, CAMISOLA, FK_SELECCION, FK_PUESTO, FK_CLUB) VALUES(221,'Blerim','Dzemaili',15,17,3,12);
INSERT INTO JUGADORES (IDJUGADOR,NOMBRE, APELLIDO, CAMISOLA, FK_SELECCION, FK_PUESTO, FK_CLUB) VALUES(222,'Gelson','Fernandes',16,17,3,11);
INSERT INTO JUGADORES (IDJUGADOR,NOMBRE, APELLIDO, CAMISOLA, FK_SELECCION, FK_PUESTO, FK_CLUB) VALUES(223,'Mario','Gavranovic',17,17,4,10);
INSERT INTO JUGADORES (IDJUGADOR,NOMBRE, APELLIDO, CAMISOLA, FK_SELECCION, FK_PUESTO, FK_CLUB) VALUES(224,'Admir','Mehmedi',18,17,4,10);
INSERT INTO JUGADORES (IDJUGADOR,NOMBRE, APELLIDO, CAMISOLA, FK_SELECCION, FK_PUESTO, FK_CLUB) VALUES(225,'Josip','Drmic',19,17,4,15);
INSERT INTO JUGADORES (IDJUGADOR,NOMBRE, APELLIDO, CAMISOLA, FK_SELECCION, FK_PUESTO, FK_CLUB) VALUES(226,'Johan','Djourou',20,17,2,6);
INSERT INTO JUGADORES (IDJUGADOR,NOMBRE, APELLIDO, CAMISOLA, FK_SELECCION, FK_PUESTO, FK_CLUB) VALUES(227,'Roman','BÜRKI',21,17,1,7);
INSERT INTO JUGADORES (IDJUGADOR,NOMBRE, APELLIDO, CAMISOLA, FK_SELECCION, FK_PUESTO, FK_CLUB) VALUES(228,'Fabian','Schaer',22,17,2,9);
INSERT INTO JUGADORES (IDJUGADOR,NOMBRE, APELLIDO, CAMISOLA, FK_SELECCION, FK_PUESTO, FK_CLUB) VALUES(229,'Xherdan','Shaqiri',23,17,3,13);
INSERT INTO JUGADORES (IDJUGADOR,NOMBRE, APELLIDO, CAMISOLA, FK_SELECCION, FK_PUESTO, FK_CLUB) VALUES(230,'Maximo ','Banguerra',1,18,1,7);
INSERT INTO JUGADORES (IDJUGADOR,NOMBRE, APELLIDO, CAMISOLA, FK_SELECCION, FK_PUESTO, FK_CLUB) VALUES(231,'Jorge','Guagua',2,18,2,8);
INSERT INTO JUGADORES (IDJUGADOR,NOMBRE, APELLIDO, CAMISOLA, FK_SELECCION, FK_PUESTO, FK_CLUB) VALUES(232,'Frickson','Erazo',3,18,2,5);
INSERT INTO JUGADORES (IDJUGADOR,NOMBRE, APELLIDO, CAMISOLA, FK_SELECCION, FK_PUESTO, FK_CLUB) VALUES(233,'Juan','Paredes',4,18,2,7);
INSERT INTO JUGADORES (IDJUGADOR,NOMBRE, APELLIDO, CAMISOLA, FK_SELECCION, FK_PUESTO, FK_CLUB) VALUES(234,'Alex','Ibarra',5,18,3,15);
INSERT INTO JUGADORES (IDJUGADOR,NOMBRE, APELLIDO, CAMISOLA, FK_SELECCION, FK_PUESTO, FK_CLUB) VALUES(235,'Christian','Noboa',6,18,3,10);
INSERT INTO JUGADORES (IDJUGADOR,NOMBRE, APELLIDO, CAMISOLA, FK_SELECCION, FK_PUESTO, FK_CLUB) VALUES(236,'Jefferson','Montero',7,18,3,11);
INSERT INTO JUGADORES (IDJUGADOR,NOMBRE, APELLIDO, CAMISOLA, FK_SELECCION, FK_PUESTO, FK_CLUB) VALUES(237,'Edison ','Mendez',8,18,3,7);
INSERT INTO JUGADORES (IDJUGADOR,NOMBRE, APELLIDO, CAMISOLA, FK_SELECCION, FK_PUESTO, FK_CLUB) VALUES(238,'Joao','Rojas',9,18,4,9);
INSERT INTO JUGADORES (IDJUGADOR,NOMBRE, APELLIDO, CAMISOLA, FK_SELECCION, FK_PUESTO, FK_CLUB) VALUES(239,'Walter','Ayovi',10,18,3,14);
INSERT INTO JUGADORES (IDJUGADOR,NOMBRE, APELLIDO, CAMISOLA, FK_SELECCION, FK_PUESTO, FK_CLUB) VALUES(240,'Felipe','Caicedo',11,18,4,10);
INSERT INTO JUGADORES (IDJUGADOR,NOMBRE, APELLIDO, CAMISOLA, FK_SELECCION, FK_PUESTO, FK_CLUB) VALUES(241,'Adrian','Bone',12,18,1,13);
INSERT INTO JUGADORES (IDJUGADOR,NOMBRE, APELLIDO, CAMISOLA, FK_SELECCION, FK_PUESTO, FK_CLUB) VALUES(242,'Enner','Valencia',13,18,4,12);
INSERT INTO JUGADORES (IDJUGADOR,NOMBRE, APELLIDO, CAMISOLA, FK_SELECCION, FK_PUESTO, FK_CLUB) VALUES(243,'Oswaldo','Minda',14,18,3,3);
INSERT INTO JUGADORES (IDJUGADOR,NOMBRE, APELLIDO, CAMISOLA, FK_SELECCION, FK_PUESTO, FK_CLUB) VALUES(244,'Michael','Arroyo',15,18,3,15);
INSERT INTO JUGADORES (IDJUGADOR,NOMBRE, APELLIDO, CAMISOLA, FK_SELECCION, FK_PUESTO, FK_CLUB) VALUES(245,'Antonio','Valencia',16,18,3,13);
INSERT INTO JUGADORES (IDJUGADOR,NOMBRE, APELLIDO, CAMISOLA, FK_SELECCION, FK_PUESTO, FK_CLUB) VALUES(246,'Jaimen','Ayovi',17,18,4,7);
INSERT INTO JUGADORES (IDJUGADOR,NOMBRE, APELLIDO, CAMISOLA, FK_SELECCION, FK_PUESTO, FK_CLUB) VALUES(247,'Oscar','Bagui',18,18,2,6);
INSERT INTO JUGADORES (IDJUGADOR,NOMBRE, APELLIDO, CAMISOLA, FK_SELECCION, FK_PUESTO, FK_CLUB) VALUES(248,'Luis','Saritama',19,18,3,10);
INSERT INTO JUGADORES (IDJUGADOR,NOMBRE, APELLIDO, CAMISOLA, FK_SELECCION, FK_PUESTO, FK_CLUB) VALUES(249,'Fidel','Martinez',20,18,3,9);
INSERT INTO JUGADORES (IDJUGADOR,NOMBRE, APELLIDO, CAMISOLA, FK_SELECCION, FK_PUESTO, FK_CLUB) VALUES(250,'Gabriel','Achilier',21,18,2,11);
INSERT INTO JUGADORES (IDJUGADOR,NOMBRE, APELLIDO, CAMISOLA, FK_SELECCION, FK_PUESTO, FK_CLUB) VALUES(251,'Alexander','Dominguez',22,18,1,15);
INSERT INTO JUGADORES (IDJUGADOR,NOMBRE, APELLIDO, CAMISOLA, FK_SELECCION, FK_PUESTO, FK_CLUB) VALUES(252,'Carlos','Gruezo',23,18,3,14);
INSERT INTO JUGADORES (IDJUGADOR,NOMBRE, APELLIDO, CAMISOLA, FK_SELECCION, FK_PUESTO, FK_CLUB) VALUES(253,'Luis','Lopez',1,20,1,2);
INSERT INTO JUGADORES (IDJUGADOR,NOMBRE, APELLIDO, CAMISOLA, FK_SELECCION, FK_PUESTO, FK_CLUB) VALUES(254,'Osman','Chavez',2,20,2,6);
INSERT INTO JUGADORES (IDJUGADOR,NOMBRE, APELLIDO, CAMISOLA, FK_SELECCION, FK_PUESTO, FK_CLUB) VALUES(255,'Maynor','Figueroa',3,20,2,15);
INSERT INTO JUGADORES (IDJUGADOR,NOMBRE, APELLIDO, CAMISOLA, FK_SELECCION, FK_PUESTO, FK_CLUB) VALUES(256,'Juan Pablo','Montes',4,20,2,10);
INSERT INTO JUGADORES (IDJUGADOR,NOMBRE, APELLIDO, CAMISOLA, FK_SELECCION, FK_PUESTO, FK_CLUB) VALUES(257,'Victor ','Bernardez',5,20,2,4);
INSERT INTO JUGADORES (IDJUGADOR,NOMBRE, APELLIDO, CAMISOLA, FK_SELECCION, FK_PUESTO, FK_CLUB) VALUES(258,'Juan Carlor','Garcia',6,20,2,14);
INSERT INTO JUGADORES (IDJUGADOR,NOMBRE, APELLIDO, CAMISOLA, FK_SELECCION, FK_PUESTO, FK_CLUB) VALUES(259,'Emilio','Izaguirre',7,20,3,7);
INSERT INTO JUGADORES (IDJUGADOR,NOMBRE, APELLIDO, CAMISOLA, FK_SELECCION, FK_PUESTO, FK_CLUB) VALUES(260,'Wilson','Palacios',8,20,3,13);
INSERT INTO JUGADORES (IDJUGADOR,NOMBRE, APELLIDO, CAMISOLA, FK_SELECCION, FK_PUESTO, FK_CLUB) VALUES(261,'Jerry','Palacios',9,20,3,3);
INSERT INTO JUGADORES (IDJUGADOR,NOMBRE, APELLIDO, CAMISOLA, FK_SELECCION, FK_PUESTO, FK_CLUB) VALUES(262,'Mario','Martinez',10,20,3,12);
INSERT INTO JUGADORES (IDJUGADOR,NOMBRE, APELLIDO, CAMISOLA, FK_SELECCION, FK_PUESTO, FK_CLUB) VALUES(263,'Jerry','Bengtson',11,20,4,2);
INSERT INTO JUGADORES (IDJUGADOR,NOMBRE, APELLIDO, CAMISOLA, FK_SELECCION, FK_PUESTO, FK_CLUB) VALUES(264,'Edder','Delgado',12,20,3,7);
INSERT INTO JUGADORES (IDJUGADOR,NOMBRE, APELLIDO, CAMISOLA, FK_SELECCION, FK_PUESTO, FK_CLUB) VALUES(265,'Carlos','Costly',13,20,4,1);
INSERT INTO JUGADORES (IDJUGADOR,NOMBRE, APELLIDO, CAMISOLA, FK_SELECCION, FK_PUESTO, FK_CLUB) VALUES(266,'Boniek','Garcia',14,20,3,4);
INSERT INTO JUGADORES (IDJUGADOR,NOMBRE, APELLIDO, CAMISOLA, FK_SELECCION, FK_PUESTO, FK_CLUB) VALUES(267,'Roger','Espinoza',15,20,3,2);
INSERT INTO JUGADORES (IDJUGADOR,NOMBRE, APELLIDO, CAMISOLA, FK_SELECCION, FK_PUESTO, FK_CLUB) VALUES(268,'Rony','Martinez',16,20,4,14);
INSERT INTO JUGADORES (IDJUGADOR,NOMBRE, APELLIDO, CAMISOLA, FK_SELECCION, FK_PUESTO, FK_CLUB) VALUES(269,'Andy','Najar',17,20,3,6);
INSERT INTO JUGADORES (IDJUGADOR,NOMBRE, APELLIDO, CAMISOLA, FK_SELECCION, FK_PUESTO, FK_CLUB) VALUES(270,'Noel','Valladares',18,20,1,14);
INSERT INTO JUGADORES (IDJUGADOR,NOMBRE, APELLIDO, CAMISOLA, FK_SELECCION, FK_PUESTO, FK_CLUB) VALUES(271,'Luis','Garrido',19,20,3,3);
INSERT INTO JUGADORES (IDJUGADOR,NOMBRE, APELLIDO, CAMISOLA, FK_SELECCION, FK_PUESTO, FK_CLUB) VALUES(272,'Jorge','Claros',20,20,3,14);
INSERT INTO JUGADORES (IDJUGADOR,NOMBRE, APELLIDO, CAMISOLA, FK_SELECCION, FK_PUESTO, FK_CLUB) VALUES(273,'Brayan','Beckeles',21,20,2,11);
INSERT INTO JUGADORES (IDJUGADOR,NOMBRE, APELLIDO, CAMISOLA, FK_SELECCION, FK_PUESTO, FK_CLUB) VALUES(274,'Donis','Escober',22,20,1,4);
INSERT INTO JUGADORES (IDJUGADOR,NOMBRE, APELLIDO, CAMISOLA, FK_SELECCION, FK_PUESTO, FK_CLUB) VALUES(275,'Marvin','Chavez',23,20,3,7);
INSERT INTO JUGADORES (IDJUGADOR,NOMBRE, APELLIDO, CAMISOLA, FK_SELECCION, FK_PUESTO, FK_CLUB) VALUES(276,'Sergio ','Romero',1,21,1,5);
INSERT INTO JUGADORES (IDJUGADOR,NOMBRE, APELLIDO, CAMISOLA, FK_SELECCION, FK_PUESTO, FK_CLUB) VALUES(277,'Ezequiel',' Garay',2,21,2,13);
INSERT INTO JUGADORES (IDJUGADOR,NOMBRE, APELLIDO, CAMISOLA, FK_SELECCION, FK_PUESTO, FK_CLUB) VALUES(278,'Hugo ','Campagnaro',3,21,2,5);
INSERT INTO JUGADORES (IDJUGADOR,NOMBRE, APELLIDO, CAMISOLA, FK_SELECCION, FK_PUESTO, FK_CLUB) VALUES(279,'Pablo ','Zabaleta',4,21,2,5);
INSERT INTO JUGADORES (IDJUGADOR,NOMBRE, APELLIDO, CAMISOLA, FK_SELECCION, FK_PUESTO, FK_CLUB) VALUES(280,'Fernando ','Gago',5,21,3,1);
INSERT INTO JUGADORES (IDJUGADOR,NOMBRE, APELLIDO, CAMISOLA, FK_SELECCION, FK_PUESTO, FK_CLUB) VALUES(281,'Lucas ','Biglia',6,21,3,7);
INSERT INTO JUGADORES (IDJUGADOR,NOMBRE, APELLIDO, CAMISOLA, FK_SELECCION, FK_PUESTO, FK_CLUB) VALUES(282,'Ángel ','Di María',7,21,3,4);
INSERT INTO JUGADORES (IDJUGADOR,NOMBRE, APELLIDO, CAMISOLA, FK_SELECCION, FK_PUESTO, FK_CLUB) VALUES(283,'Enzo',' Pérez',8,21,3,8);
INSERT INTO JUGADORES (IDJUGADOR,NOMBRE, APELLIDO, CAMISOLA, FK_SELECCION, FK_PUESTO, FK_CLUB) VALUES(284,'Gonzalo ','Higuaín',9,21,4,3);
INSERT INTO JUGADORES (IDJUGADOR,NOMBRE, APELLIDO, CAMISOLA, FK_SELECCION, FK_PUESTO, FK_CLUB) VALUES(285,'Lionel ','Messi ',10,21,4,14);
INSERT INTO JUGADORES (IDJUGADOR,NOMBRE, APELLIDO, CAMISOLA, FK_SELECCION, FK_PUESTO, FK_CLUB) VALUES(286,'Maximiliano ','Rodríguez',11,21,3,11);
INSERT INTO JUGADORES (IDJUGADOR,NOMBRE, APELLIDO, CAMISOLA, FK_SELECCION, FK_PUESTO, FK_CLUB) VALUES(287,'Agustín ','Orion',12,21,1,5);
INSERT INTO JUGADORES (IDJUGADOR,NOMBRE, APELLIDO, CAMISOLA, FK_SELECCION, FK_PUESTO, FK_CLUB) VALUES(288,'Augusto ','Fernández',13,21,3,15);
INSERT INTO JUGADORES (IDJUGADOR,NOMBRE, APELLIDO, CAMISOLA, FK_SELECCION, FK_PUESTO, FK_CLUB) VALUES(289,'Javier ','Mascherano',14,21,3,5);
INSERT INTO JUGADORES (IDJUGADOR,NOMBRE, APELLIDO, CAMISOLA, FK_SELECCION, FK_PUESTO, FK_CLUB) VALUES(290,'Martín ','Demichelis',15,21,2,10);
INSERT INTO JUGADORES (IDJUGADOR,NOMBRE, APELLIDO, CAMISOLA, FK_SELECCION, FK_PUESTO, FK_CLUB) VALUES(291,'Marcos',' Rojo',16,21,2,11);
INSERT INTO JUGADORES (IDJUGADOR,NOMBRE, APELLIDO, CAMISOLA, FK_SELECCION, FK_PUESTO, FK_CLUB) VALUES(292,'Federico ','Fernández',17,21,2,4);
INSERT INTO JUGADORES (IDJUGADOR,NOMBRE, APELLIDO, CAMISOLA, FK_SELECCION, FK_PUESTO, FK_CLUB) VALUES(293,'Rodrigo ','Palacio',18,21,4,7);
INSERT INTO JUGADORES (IDJUGADOR,NOMBRE, APELLIDO, CAMISOLA, FK_SELECCION, FK_PUESTO, FK_CLUB) VALUES(294,'Ricardo ','Álvarez',19,21,3,13);
INSERT INTO JUGADORES (IDJUGADOR,NOMBRE, APELLIDO, CAMISOLA, FK_SELECCION, FK_PUESTO, FK_CLUB) VALUES(295,'Sergio ','Agüero',20,21,4,9);
INSERT INTO JUGADORES (IDJUGADOR,NOMBRE, APELLIDO, CAMISOLA, FK_SELECCION, FK_PUESTO, FK_CLUB) VALUES(296,'Mariano ','Andújar',21,21,1,9);
INSERT INTO JUGADORES (IDJUGADOR,NOMBRE, APELLIDO, CAMISOLA, FK_SELECCION, FK_PUESTO, FK_CLUB) VALUES(297,'Ezequiel ','Lavezzi',22,21,4,6);
INSERT INTO JUGADORES (IDJUGADOR,NOMBRE, APELLIDO, CAMISOLA, FK_SELECCION, FK_PUESTO, FK_CLUB) VALUES(298,'José ','Basanta',23,21,2,11);
INSERT INTO JUGADORES (IDJUGADOR,NOMBRE, APELLIDO, CAMISOLA, FK_SELECCION, FK_PUESTO, FK_CLUB) VALUES(299,'Vincent  ','Enyeama',1,24,1,12);
INSERT INTO JUGADORES (IDJUGADOR,NOMBRE, APELLIDO, CAMISOLA, FK_SELECCION, FK_PUESTO, FK_CLUB) VALUES(300,'Joseph ','Yobo',2,24,2,8);
INSERT INTO JUGADORES (IDJUGADOR,NOMBRE, APELLIDO, CAMISOLA, FK_SELECCION, FK_PUESTO, FK_CLUB) VALUES(301,'Ejike ','Uzoenyi ',3,24,3,5);
INSERT INTO JUGADORES (IDJUGADOR,NOMBRE, APELLIDO, CAMISOLA, FK_SELECCION, FK_PUESTO, FK_CLUB) VALUES(302,'Reuben ','Gabriel',4,24,3,5);
INSERT INTO JUGADORES (IDJUGADOR,NOMBRE, APELLIDO, CAMISOLA, FK_SELECCION, FK_PUESTO, FK_CLUB) VALUES(303,'Efe ','Ambrose',5,24,2,10);
INSERT INTO JUGADORES (IDJUGADOR,NOMBRE, APELLIDO, CAMISOLA, FK_SELECCION, FK_PUESTO, FK_CLUB) VALUES(304,'Azubuike ','Egwuekwe',6,24,2,6);
INSERT INTO JUGADORES (IDJUGADOR,NOMBRE, APELLIDO, CAMISOLA, FK_SELECCION, FK_PUESTO, FK_CLUB) VALUES(305,'Ahmed',' Musa',7,24,4,13);
INSERT INTO JUGADORES (IDJUGADOR,NOMBRE, APELLIDO, CAMISOLA, FK_SELECCION, FK_PUESTO, FK_CLUB) VALUES(306,'Peter ','Odemwingie',8,24,4,4);
INSERT INTO JUGADORES (IDJUGADOR,NOMBRE, APELLIDO, CAMISOLA, FK_SELECCION, FK_PUESTO, FK_CLUB) VALUES(307,'Emmanuel ','Emenike',9,24,4,4);
INSERT INTO JUGADORES (IDJUGADOR,NOMBRE, APELLIDO, CAMISOLA, FK_SELECCION, FK_PUESTO, FK_CLUB) VALUES(308,'John ','Obi Mikel',10,24,3,7);
INSERT INTO JUGADORES (IDJUGADOR,NOMBRE, APELLIDO, CAMISOLA, FK_SELECCION, FK_PUESTO, FK_CLUB) VALUES(309,'Victor ','Moses',11,24,4,1);
INSERT INTO JUGADORES (IDJUGADOR,NOMBRE, APELLIDO, CAMISOLA, FK_SELECCION, FK_PUESTO, FK_CLUB) VALUES(310,'Kunle ','Odunlami',12,24,2,11);
INSERT INTO JUGADORES (IDJUGADOR,NOMBRE, APELLIDO, CAMISOLA, FK_SELECCION, FK_PUESTO, FK_CLUB) VALUES(311,'Juwon ','Oshaniwa',13,24,2,13);
INSERT INTO JUGADORES (IDJUGADOR,NOMBRE, APELLIDO, CAMISOLA, FK_SELECCION, FK_PUESTO, FK_CLUB) VALUES(312,'Godfrey ','Oboabona',14,24,2,11);
INSERT INTO JUGADORES (IDJUGADOR,NOMBRE, APELLIDO, CAMISOLA, FK_SELECCION, FK_PUESTO, FK_CLUB) VALUES(313,'Ramon ','Azeez',15,24,3,11);
INSERT INTO JUGADORES (IDJUGADOR,NOMBRE, APELLIDO, CAMISOLA, FK_SELECCION, FK_PUESTO, FK_CLUB) VALUES(314,'Austin ','Ejide',16,24,1,8);
INSERT INTO JUGADORES (IDJUGADOR,NOMBRE, APELLIDO, CAMISOLA, FK_SELECCION, FK_PUESTO, FK_CLUB) VALUES(315,'Ogenyi ','Onazi',17,24,3,15);
INSERT INTO JUGADORES (IDJUGADOR,NOMBRE, APELLIDO, CAMISOLA, FK_SELECCION, FK_PUESTO, FK_CLUB) VALUES(316,'Michel ','Babatunde',18,24,4,4);
INSERT INTO JUGADORES (IDJUGADOR,NOMBRE, APELLIDO, CAMISOLA, FK_SELECCION, FK_PUESTO, FK_CLUB) VALUES(317,'Uche ','Nwofor',19,24,4,9);
INSERT INTO JUGADORES (IDJUGADOR,NOMBRE, APELLIDO, CAMISOLA, FK_SELECCION, FK_PUESTO, FK_CLUB) VALUES(318,'Michael ','Uchebo',20,24,4,1);
INSERT INTO JUGADORES (IDJUGADOR,NOMBRE, APELLIDO, CAMISOLA, FK_SELECCION, FK_PUESTO, FK_CLUB) VALUES(319,'Chigozie ','Agbim',21,24,1,6);
INSERT INTO JUGADORES (IDJUGADOR,NOMBRE, APELLIDO, CAMISOLA, FK_SELECCION, FK_PUESTO, FK_CLUB) VALUES(320,'Kenneth ','Omeruo',22,24,2,3);
INSERT INTO JUGADORES (IDJUGADOR,NOMBRE, APELLIDO, CAMISOLA, FK_SELECCION, FK_PUESTO, FK_CLUB) VALUES(321,'Shola ','Ameobi',23,24,4,10);
INSERT INTO JUGADORES (IDJUGADOR,NOMBRE, APELLIDO, CAMISOLA, FK_SELECCION, FK_PUESTO, FK_CLUB) VALUES(322,'Asmir ','Begović',1,22,1,6);
INSERT INTO JUGADORES (IDJUGADOR,NOMBRE, APELLIDO, CAMISOLA, FK_SELECCION, FK_PUESTO, FK_CLUB) VALUES(323,'Avdija ','Vršajević',2,22,3,3);
INSERT INTO JUGADORES (IDJUGADOR,NOMBRE, APELLIDO, CAMISOLA, FK_SELECCION, FK_PUESTO, FK_CLUB) VALUES(324,'Ermin ','Bičakčić',3,22,2,2);
INSERT INTO JUGADORES (IDJUGADOR,NOMBRE, APELLIDO, CAMISOLA, FK_SELECCION, FK_PUESTO, FK_CLUB) VALUES(325,'Emir ','Spahić ',4,22,2,2);
INSERT INTO JUGADORES (IDJUGADOR,NOMBRE, APELLIDO, CAMISOLA, FK_SELECCION, FK_PUESTO, FK_CLUB) VALUES(326,'Sead ','Kolašinac',5,22,2,8);
INSERT INTO JUGADORES (IDJUGADOR,NOMBRE, APELLIDO, CAMISOLA, FK_SELECCION, FK_PUESTO, FK_CLUB) VALUES(327,'Ognjen ','Vranješ',6,22,2,6);
INSERT INTO JUGADORES (IDJUGADOR,NOMBRE, APELLIDO, CAMISOLA, FK_SELECCION, FK_PUESTO, FK_CLUB) VALUES(328,'Muhamed',' Bešić',7,22,3,1);
INSERT INTO JUGADORES (IDJUGADOR,NOMBRE, APELLIDO, CAMISOLA, FK_SELECCION, FK_PUESTO, FK_CLUB) VALUES(329,'Miralem ','Pjanić',8,22,3,12);
INSERT INTO JUGADORES (IDJUGADOR,NOMBRE, APELLIDO, CAMISOLA, FK_SELECCION, FK_PUESTO, FK_CLUB) VALUES(330,'Vedad ','Ibišević',9,22,4,4);
INSERT INTO JUGADORES (IDJUGADOR,NOMBRE, APELLIDO, CAMISOLA, FK_SELECCION, FK_PUESTO, FK_CLUB) VALUES(331,'Zvjezdan ','Misimović',10,22,3,2);
INSERT INTO JUGADORES (IDJUGADOR,NOMBRE, APELLIDO, CAMISOLA, FK_SELECCION, FK_PUESTO, FK_CLUB) VALUES(332,'Edin',' Džeko',11,22,4,10);
INSERT INTO JUGADORES (IDJUGADOR,NOMBRE, APELLIDO, CAMISOLA, FK_SELECCION, FK_PUESTO, FK_CLUB) VALUES(333,'Jasmin ','Fejzić',12,22,1,8);
INSERT INTO JUGADORES (IDJUGADOR,NOMBRE, APELLIDO, CAMISOLA, FK_SELECCION, FK_PUESTO, FK_CLUB) VALUES(334,'Mensur ','Mujdža',13,22,3,13);
INSERT INTO JUGADORES (IDJUGADOR,NOMBRE, APELLIDO, CAMISOLA, FK_SELECCION, FK_PUESTO, FK_CLUB) VALUES(335,'Tino ','Sušić',14,22,3,7);
INSERT INTO JUGADORES (IDJUGADOR,NOMBRE, APELLIDO, CAMISOLA, FK_SELECCION, FK_PUESTO, FK_CLUB) VALUES(336,'Toni ','Šunjić',15,22,2,3);
INSERT INTO JUGADORES (IDJUGADOR,NOMBRE, APELLIDO, CAMISOLA, FK_SELECCION, FK_PUESTO, FK_CLUB) VALUES(337,'Senad ','Lulić',16,22,3,2);
INSERT INTO JUGADORES (IDJUGADOR,NOMBRE, APELLIDO, CAMISOLA, FK_SELECCION, FK_PUESTO, FK_CLUB) VALUES(338,'Senijad ','Ibričić',17,22,3,3);
INSERT INTO JUGADORES (IDJUGADOR,NOMBRE, APELLIDO, CAMISOLA, FK_SELECCION, FK_PUESTO, FK_CLUB) VALUES(339,'Haris ','Medunjanin',18,22,3,2);
INSERT INTO JUGADORES (IDJUGADOR,NOMBRE, APELLIDO, CAMISOLA, FK_SELECCION, FK_PUESTO, FK_CLUB) VALUES(340,'Edin',' Višća',19,22,4,5);
INSERT INTO JUGADORES (IDJUGADOR,NOMBRE, APELLIDO, CAMISOLA, FK_SELECCION, FK_PUESTO, FK_CLUB) VALUES(341,'Izet',' Hajrović',20,22,3,13);
INSERT INTO JUGADORES (IDJUGADOR,NOMBRE, APELLIDO, CAMISOLA, FK_SELECCION, FK_PUESTO, FK_CLUB) VALUES(342,'Anel ','Hadžić',21,22,3,14);
INSERT INTO JUGADORES (IDJUGADOR,NOMBRE, APELLIDO, CAMISOLA, FK_SELECCION, FK_PUESTO, FK_CLUB) VALUES(343,'Asmir ','Avdukić',22,22,1,1);
INSERT INTO JUGADORES (IDJUGADOR,NOMBRE, APELLIDO, CAMISOLA, FK_SELECCION, FK_PUESTO, FK_CLUB) VALUES(344,'Sejad ','Salihović',23,22,3,6);
INSERT INTO JUGADORES (IDJUGADOR,NOMBRE, APELLIDO, CAMISOLA, FK_SELECCION, FK_PUESTO, FK_CLUB) VALUES(345,'Rahman ','Ahmadi',1,23,1,7);
INSERT INTO JUGADORES (IDJUGADOR,NOMBRE, APELLIDO, CAMISOLA, FK_SELECCION, FK_PUESTO, FK_CLUB) VALUES(346,'Khosro ','Heydari',2,23,4,11);
INSERT INTO JUGADORES (IDJUGADOR,NOMBRE, APELLIDO, CAMISOLA, FK_SELECCION, FK_PUESTO, FK_CLUB) VALUES(347,'Ehsan ','Hajsafi',3,23,3,5);
INSERT INTO JUGADORES (IDJUGADOR,NOMBRE, APELLIDO, CAMISOLA, FK_SELECCION, FK_PUESTO, FK_CLUB) VALUES(348,'Jalal ','Hosseini',4,23,2,9);
INSERT INTO JUGADORES (IDJUGADOR,NOMBRE, APELLIDO, CAMISOLA, FK_SELECCION, FK_PUESTO, FK_CLUB) VALUES(349,'Amir ','Hossein Sadeghi',5,23,2,6);
INSERT INTO JUGADORES (IDJUGADOR,NOMBRE, APELLIDO, CAMISOLA, FK_SELECCION, FK_PUESTO, FK_CLUB) VALUES(350,'Javad ','Nekounam ',6,23,3,13);
INSERT INTO JUGADORES (IDJUGADOR,NOMBRE, APELLIDO, CAMISOLA, FK_SELECCION, FK_PUESTO, FK_CLUB) VALUES(351,'Masoud ','Shojaei',7,23,4,4);
INSERT INTO JUGADORES (IDJUGADOR,NOMBRE, APELLIDO, CAMISOLA, FK_SELECCION, FK_PUESTO, FK_CLUB) VALUES(352,'Reza ','Haghighi',8,23,3,13);
INSERT INTO JUGADORES (IDJUGADOR,NOMBRE, APELLIDO, CAMISOLA, FK_SELECCION, FK_PUESTO, FK_CLUB) VALUES(353,'Alireza ','Jahanbakhsh',9,23,4,15);
INSERT INTO JUGADORES (IDJUGADOR,NOMBRE, APELLIDO, CAMISOLA, FK_SELECCION, FK_PUESTO, FK_CLUB) VALUES(354,'Karim ','Ansarifard',10,23,4,8);
INSERT INTO JUGADORES (IDJUGADOR,NOMBRE, APELLIDO, CAMISOLA, FK_SELECCION, FK_PUESTO, FK_CLUB) VALUES(355,'Ghasem ','Hadadifar',11,23,3,11);
INSERT INTO JUGADORES (IDJUGADOR,NOMBRE, APELLIDO, CAMISOLA, FK_SELECCION, FK_PUESTO, FK_CLUB) VALUES(356,'Alireza ','Haghighi',12,23,1,2);
INSERT INTO JUGADORES (IDJUGADOR,NOMBRE, APELLIDO, CAMISOLA, FK_SELECCION, FK_PUESTO, FK_CLUB) VALUES(357,'Hossein ','Mahini',13,23,2,1);
INSERT INTO JUGADORES (IDJUGADOR,NOMBRE, APELLIDO, CAMISOLA, FK_SELECCION, FK_PUESTO, FK_CLUB) VALUES(358,'Andranik ','Teymourian',14,23,3,2);
INSERT INTO JUGADORES (IDJUGADOR,NOMBRE, APELLIDO, CAMISOLA, FK_SELECCION, FK_PUESTO, FK_CLUB) VALUES(359,'Pejman ','Montazeri',15,23,2,13);
INSERT INTO JUGADORES (IDJUGADOR,NOMBRE, APELLIDO, CAMISOLA, FK_SELECCION, FK_PUESTO, FK_CLUB) VALUES(360,'Reza ','Ghoochannejhad',16,23,4,6);
INSERT INTO JUGADORES (IDJUGADOR,NOMBRE, APELLIDO, CAMISOLA, FK_SELECCION, FK_PUESTO, FK_CLUB) VALUES(361,'Ahmad',' Alenemeh',17,23,2,3);
INSERT INTO JUGADORES (IDJUGADOR,NOMBRE, APELLIDO, CAMISOLA, FK_SELECCION, FK_PUESTO, FK_CLUB) VALUES(362,'Bakhtiar ','Rahmani',18,23,3,5);
INSERT INTO JUGADORES (IDJUGADOR,NOMBRE, APELLIDO, CAMISOLA, FK_SELECCION, FK_PUESTO, FK_CLUB) VALUES(363,'Hashem ','Beikzadeh',19,23,3,9);
INSERT INTO JUGADORES (IDJUGADOR,NOMBRE, APELLIDO, CAMISOLA, FK_SELECCION, FK_PUESTO, FK_CLUB) VALUES(364,'Steven ','Beitashour',20,23,2,11);
INSERT INTO JUGADORES (IDJUGADOR,NOMBRE, APELLIDO, CAMISOLA, FK_SELECCION, FK_PUESTO, FK_CLUB) VALUES(365,'Ashkan ','Dejagah',21,23,4,15);
INSERT INTO JUGADORES (IDJUGADOR,NOMBRE, APELLIDO, CAMISOLA, FK_SELECCION, FK_PUESTO, FK_CLUB) VALUES(366,'Daniel ','Davari',22,23,1,3);
INSERT INTO JUGADORES (IDJUGADOR,NOMBRE, APELLIDO, CAMISOLA, FK_SELECCION, FK_PUESTO, FK_CLUB) VALUES(367,'Mehrdad',' Pouladi',23,23,2,10);
